NOACTION	Good morning everyone, thanks for joining today's meeting.
NOACTION	Good afternoon everyone, thanks for joining today's call.
NOACTION	Hi everyone, thanks for joining.
NOACTION	Hello everyone, glad you could all make it.
NOACTION	Welcome everyone, let's get started.
NOACTION	Let's start with the marketing budget.
NOACTION	Let's start with the sales numbers.
NOACTION	Let's start with the engineering update.
NOACTION	Let's start with the quarterly report.
NOACTION	Let's start with the client feedback.
NOACTION	Let's start with the first item on the agenda.
NOACTION	Let's begin with the product roadmap.
NOACTION	Let's begin with the budget review.
NOACTION	Let's start today's meeting.
NOACTION	Let's start with a quick recap.
NOACTION	Let's kick things off with the status update.
NOACTION	Let's dive into the first topic.
NOACTION	Next, let's talk about the product roadmap.
NOACTION	Next, let's talk about the client presentation.
NOACTION	Next, let's talk about the hiring plan.
NOACTION	Next, let's discuss the timeline.
NOACTION	Next, let's discuss the client presentation.
NOACTION	Now let's move on to the next topic.
NOACTION	Now let's move on to the budget discussion.
NOACTION	Moving on to the next agenda item.
NOACTION	Moving on to the sales update.
NOACTION	Let's move on to the next item.
NOACTION	Let's shift focus to the next topic.
NOACTION	Finally, a quick note on the client presentation.
NOACTION	Finally, a quick note on the budget.
NOACTION	Finally, let's talk about next steps.
NOACTION	Finally, let's cover the remaining items.
NOACTION	That's everything for today.
NOACTION	That's everything on the agenda for today.
NOACTION	That's all for today, thanks everyone.
NOACTION	That covers everything on the agenda.
NOACTION	That wraps up today's meeting.
NOACTION	That wraps up the budget discussion.
NOACTION	Thanks everyone.
NOACTION	Thanks everyone for joining.
NOACTION	Thank you all for your time today.
NOACTION	Thanks for your time, everyone.
NOACTION	So we need to figure out where to find additional funds.
NOACTION	So we need to figure out the next steps.
NOACTION	The current allocation is not enough to cover the new campaign this quarter.
NOACTION	The current budget is not enough to cover this quarter's plans.
NOACTION	The deck looks good, but we should add more data on user retention.
NOACTION	The report looks good, but we should add more detail.
NOACTION	We discussed delaying the launch by two weeks to allow more time for testing.
NOACTION	We discussed pushing the release by a week for more testing.
NOACTION	Everyone agreed this was the right call.
NOACTION	Everyone agreed that made sense.
NOACTION	We had issues with the last release.
NOACTION	We had some issues with the previous rollout.
NOACTION	The current allocation is not enough.
NOACTION	The current budget is tight this quarter.
NOACTION	This quarter has been challenging for the team.
NOACTION	This quarter has been a busy one for the team.
NOACTION	Overall the project is on track.
NOACTION	Overall the budget looks reasonable.
NOACTION	The numbers look good so far.
NOACTION	The budget numbers look reasonable so far.
NOACTION	That's a good point, let's keep that in mind.
NOACTION	I think that makes sense overall.
NOACTION	Any questions before we move on?
NOACTION	Does anyone have anything to add?
NOACTION	Let's take a short break and reconvene in ten minutes.
NOACTION	Let's circle back to that later.
NOACTION	We can revisit that in the next meeting.
NOACTION	I agree with that approach.
NOACTION	That sounds reasonable to me.
NOACTION	That budget looks fine to me.
NOACTION	The marketing budget looks fine for now.
NOACTION	The budget for this campaign seems reasonable.
ACTION	Priya will send the revised budget numbers by Friday.
ACTION	Rahul needs to update the roadmap document by next Monday.
ACTION	Ananya will share the revised slides with the team by Wednesday.
ACTION	Reha will prepare the report and send it to finance.
ACTION	John needs to finish the presentation before the client call.
ACTION	Sarah is going to follow up with the vendor this week.
ACTION	Amit will coordinate with the design team on the mockups.
ACTION	Please have the draft ready by end of day Friday.
ACTION	Vikram needs to review the contract and get back to legal.
ACTION	Divya will schedule the follow-up meeting for next week.
ACTION	Karan will revise the marketing budget and share it by Monday.
ACTION	Neha needs to finalize the sales numbers by end of week.
ACTION	Rohan will update the budget spreadsheet by tomorrow.
NOACTION	Good morning everyone, thanks for making time today.
NOACTION	Thanks for joining on short notice, everyone.
NOACTION	Let's start with the engineering update this week.
NOACTION	Let's kick off with the hiring pipeline.
NOACTION	Let's open with a quick status check.
NOACTION	Let's jump straight into the roadmap discussion.
NOACTION	Moving on to the next topic on the list.
NOACTION	Shifting gears, let's talk about the customer feedback.
NOACTION	Before we move on, any last thoughts on that?
NOACTION	We're a bit short on time, so let's keep this brief.
NOACTION	Let's try to wrap this section up quickly.
NOACTION	Can we take this offline and discuss separately?
NOACTION	Let's park that for now and come back to it later.
NOACTION	We'll circle back to that point after the break.
NOACTION	Let's table that discussion for next week.
NOACTION	Over to you, Tom.
NOACTION	I'll hand it over to Lena for the next part.
NOACTION	Your turn, Omar.
NOACTION	Go ahead, Grace.
NOACTION	Go ahead whenever you're ready.
NOACTION	Feel free to jump in if you have thoughts.
NOACTION	Jump in anytime if something's unclear.
NOACTION	Can I jump in here for a second?
NOACTION	Can I interrupt for a moment?
NOACTION	Mind if I add something here?
NOACTION	Sorry, go ahead, I didn't mean to cut you off.
NOACTION	No, please, continue.
NOACTION	Got it, that makes sense.
NOACTION	Noted, thanks for flagging that.
NOACTION	Fair enough, that's a good point.
NOACTION	That's a fair concern.
NOACTION	That's a valid point.
NOACTION	I see what you mean.
NOACTION	I take your point.
NOACTION	That tracks with what I've seen too.
NOACTION	I'm not sure I agree with that.
NOACTION	I see it a bit differently.
NOACTION	I'm not convinced that's the right approach.
NOACTION	That's debatable, honestly.
NOACTION	I'd push back on that a little.
NOACTION	Interesting, I hadn't thought of it that way.
NOACTION	That's a new perspective, thanks.
NOACTION	Engagement has dropped slightly this quarter.
NOACTION	Revenue was roughly flat compared to last quarter.
NOACTION	The product launch went smoothly overall.
NOACTION	The onboarding numbers look steady.
NOACTION	Headcount has grown a bit since last quarter.
NOACTION	The support queue has been busier than usual.
NOACTION	The engineering backlog is a bit larger than planned.
NOACTION	Customer churn ticked up slightly last month.
NOACTION	The campaign performed about as expected.
NOACTION	The new feature is getting mixed feedback so far.
NOACTION	We're seeing some early signs of traction.
NOACTION	Things have been pretty stable on our end.
NOACTION	It's been a quiet month for the team.
NOACTION	Nothing major to report from our side.
NOACTION	Everything's more or less on schedule.
NOACTION	What do people think about that approach?
NOACTION	How does everyone feel about this direction?
NOACTION	Any concerns before we move forward?
NOACTION	Any objections to that plan?
NOACTION	Does that work for everyone?
NOACTION	Are we all aligned on this?
NOACTION	Is everyone okay with that timeline?
NOACTION	What's everyone's take on this?
NOACTION	Thoughts?
NOACTION	Anything else on this topic?
NOACTION	Anything we're missing here?
NOACTION	Is there anything I'm overlooking?
NOACTION	Did I miss anything important?
NOACTION	Maybe we should consider a different approach.
NOACTION	Perhaps it's worth revisiting the timeline.
NOACTION	It might be worth looking into that further.
NOACTION	Possibly we should get more data before deciding.
NOACTION	We could potentially explore that option later.
NOACTION	It would be interesting to explore that angle.
NOACTION	That's something we might want to consider down the line.
NOACTION	Worth keeping in mind for next quarter, maybe.
NOACTION	Could be worth a closer look at some point.
NOACTION	That's a nice-to-have, not urgent right now.
NOACTION	Not a priority for this quarter, I'd say.
NOACTION	That's probably a conversation for another time.
NOACTION	Let's not get too deep into that today.
NOACTION	That's a bigger conversation than we have time for.
NOACTION	That's outside the scope of today's meeting.
NOACTION	This feels like a longer discussion for another day.
NOACTION	This is a good problem to have, honestly.
NOACTION	This has been a challenging quarter overall.
NOACTION	This has been a productive discussion.
NOACTION	This has been really helpful, thank you.
NOACTION	This was a great session, thanks everyone.
NOACTION	Great discussion, appreciate everyone's input.
NOACTION	Good meeting, thanks all.
NOACTION	Let's wrap up there for today.
NOACTION	I think that covers everything for now.
NOACTION	I think we've covered the main points.
NOACTION	Let's leave it there for today.
NOACTION	We'll pick this back up next week.
NOACTION	See everyone at the next sync.
NOACTION	Talk soon, thanks everyone.
NOACTION	Catch you all next time.
NOACTION	How was everyone's weekend?
NOACTION	Hope everyone's doing well today.
NOACTION	Can everyone hear me okay?
NOACTION	Is the screen share working for everyone?
NOACTION	Sorry, can you repeat that last part?
NOACTION	Could you say that again, I missed it?
NOACTION	Sorry, you're cutting out a little.
NOACTION	Let's give it a minute for everyone to join.
NOACTION	Looks like we're still waiting on a couple of people.
NOACTION	I think we can get started, most people are here.
NOACTION	We've got a packed agenda today.
NOACTION	Let's try to stick to the agenda.
NOACTION	We've got about twenty minutes left.
NOACTION	We're running a bit over time.
NOACTION	Let's save questions for the end.
NOACTION	Happy to take questions now if anyone has them.
NOACTION	That's a question for Tom, probably.
NOACTION	I think Lena would know more about that.
NOACTION	That's more Omar's area, honestly.
NOACTION	Grace might have more context on this.
NOACTION	I'm not the right person to answer that.
NOACTION	I'd have to check and get back to you on that.
NOACTION	I don't have that number off the top of my head.
NOACTION	I'm not certain, but I'll look into it.
NOACTION	Let me think about that for a second.
NOACTION	Give me a moment to pull that up.
NOACTION	Let me check my notes on that.
NOACTION	That's a good question, I don't have a quick answer.
NOACTION	Honestly, we're still figuring that out.
NOACTION	It's a bit early to say for sure.
NOACTION	We'll know more in a few weeks.
NOACTION	Let's see how it plays out over the next month.
NOACTION	That's still up in the air.
NOACTION	That's still being finalized.
NOACTION	We're waiting to hear back on that.
NOACTION	We're still waiting on approval for that.
ACTION	Tom, can you pull together the Q2 numbers by Friday?
ACTION	Lena, could you follow up with the client this week?
ACTION	Omar, would you mind drafting the proposal by Monday?
ACTION	Grace, can you loop in the design team on this?
ACTION	Noah, could you check with finance on the budget?
ACTION	Mia, can you send out the meeting notes afterward?
ACTION	Can someone own the follow-up on this item?
ACTION	Can we get someone to own the customer outreach?
ACTION	Let's have Tom take the lead on the migration.
ACTION	Let's get Lena to own the onboarding redesign.
ACTION	We'll need someone to coordinate with legal on this.
ACTION	We'll need Omar to sync with the vendor this week.
ACTION	I'll take care of the client email today.
ACTION	I'll follow up with the team on that tomorrow.
ACTION	I can get that report over by end of day.
ACTION	I'll have the draft ready by Thursday.
ACTION	I'll check with procurement and circle back.
ACTION	I'll reach out to the vendor this afternoon.
ACTION	Let's make sure the slides are updated before the review.
ACTION	Let's get the contract reviewed before we sign off.
ACTION	Please have the numbers ready before the next sync.
ACTION	Please send the updated timeline to the group.
ACTION	Make sure the invite goes out before Friday.
ACTION	Make sure legal signs off before we proceed.
ACTION	Someone needs to update the project tracker.
ACTION	Someone should reach out to the support team about this.
ACTION	We need to get this escalated to the right team.
ACTION	We need someone to dig into the churn numbers.
ACTION	Can you get back to me with an estimate by tomorrow?
ACTION	Can you put together a summary for the leadership team?
ACTION	Could you check in with the client and report back?
ACTION	Could you flag this to the compliance team?
ACTION	Would you be able to handle the rescheduling?
ACTION	Would you be able to take this to the next level meeting?
ACTION	Why don't you own the rollout plan?
ACTION	Why don't you take point on the client call?
ACTION	Noah will own the migration from here.
ACTION	Mia is going to handle the press release.
ACTION	Tom is taking the lead on the integration work.
ACTION	Lena is going to coordinate with the regional teams.
ACTION	Let's assign this to someone before we close out.
ACTION	Let's make sure this gets picked up before next week.
NOACTION	So good morning everyone, thanks for making time for this discussion.
NOACTION	Good morning all, glad we could sync today.


